{
"U":119.556604108111628,
"V":0.000000000000000,
"W":10.306231810730440,
"P":0.000000000000000,
"Q":-0.000000000375695,
"R":0.000000000000000,
"roll":0.000000000000000,
"pitch":0.085991202718423,
"elevator":0.006646960420565,
"aileron":0.000000000000000,
"rudder":0.000000000000000,
"thrust":48.877175640704401,
"Target_Speed":120.000000000000000,
"Achieved_Speed":120.000000000001037,
"Target_Climb_Rate":0.000000000000000,
"Achieved_Climb_Rate":-0.000000000000435,
"Target_Yaw_Rate":0.000000000000000,
"Achieved_Climb_Rate":0.000000000000000,
"Angle_of_Attack":0.000000000000000,
"Sideslip_Angle":0.000000000000000,
"flight_path_angle":-0.000000000000004,
"bank_angle":0.000000000000000,
"A:"[0.000000000000000,0.000000000000000,0.000000000000000,0.000000000000000,0.000000000000000,0.000000000000000,0.000000000000000,0.000000000000000,0.000000000000000,0.000000000000000,0.000000000000000,0.000000000000000,0.000000000000000,0.000000000000000,0.000000000000000,0.000000000000000,0.000000000000000,0.000000000000000,0.000000000000000,0.000000000000000,0.000000000000000,0.000000000000000,0.000000000000000,0.000000000000000,0.000000000000000,0.000000000000000,0.000000000000000,0.000000000000000,0.000000000000000,0.000000000000000,0.000000000000000,0.000000000000000,0.000000000000000,0.000000000000000,0.000000000000000,0.000000000000000,0.996305034234255,0.000000000000000,-0.085885265089416,-0.038703802664074,0.000000000000000,-0.394541869812841,0.000000000000000,0.021196002186811,0.000000000000000,0.000000000000000,0.000000000000000,0.000000000000000,0.000000000000000,1.000000000000000,0.000000000000000,0.000000000000000,-0.031082715371938,-0.000000000000000,-0.062616614561836,-0.000000000000000,0.100930874252565,0.000000000000000,0.000000000000000,0.000000000000000,0.085885265089416,0.000000000000000,0.996305034234255,0.258643062010405,0.000000000000000,-1.642906935947279,0.000000000000000,-0.245882500035472,0.000000000000000,0.000000000000000,0.000000000000000,0.000000000000000,0.000000000000000,0.000000000000000,0.000000000000000,0.000000000000000,10.306231810730440,-0.000000000000000,-7.953914204774411,0.000000000000000,-0.354638508633788,1.000000000000000,0.000000000000000,0.000000000000000,0.000000000000000,0.000000000000000,0.000000000000000,-10.315449183909912,-0.000000000000000,117.139415145158523,0.000000000000000,-3.834626147781236,0.000000000000000,0.000000000000000,1.000000000000000,0.000000000000000,0.000000000000000,0.000000000000000,0.000000000000000,0.000000000000000,-119.556604108111628,-0.000000000000000,4.967125044668538,0.000000000000000,-1.803151886462781,0.086203785124328,-0.000000000000000,1.003708669171369,0.000000000000000,-10.306231810730440,0.000000000000000,0.000000000000000,32.051132951315992,-0.000000000000000,0.000000000000000,0.000000000000000,0.000000000000000,-0.000000000032386,0.000000000000000,-0.000000000377088,0.000000000000435,0.000000000000000,-120.000000000001023,-32.051132951315992,-0.000000000000000,-2.762928977926512,0.000000000000000,0.000000000000000,0.000000000000000,0.000000000000000,0.000000000000000,0.000000000000000,0.000000000000000,120.000000000001023,0.000000000000000,0.000000000000000,-0.000000000000000,-0.000000000000000,0.000000000000000,0.000000000000000,0.000000000000000,0.000000000000000,0.000000000000000,0.000000000000000],
"B":[0.000000000000000,0.000000000000000,0.000000000000000,-0.061220151469464,-0.000000000000000,-16.054538702181414,0.000000000000000,-24.586309727122163,0.000000000000000,0.000000000000000,0.000000000000000,0.000000000000000,0.000000000000000,0.000000000000000,0.000000000000000,0.000000000000000,-0.000000000000000,-0.000000000000000,-41.314204655511396,0.000000000000000,4.603306279486983,0.000000000000000,0.000000000000000,0.000000000000000,0.000000000000000,0.000000000000000,0.000000000000000,0.000000000000000,-0.000000000000000,-0.000000000000000,0.809307902125415,0.000000000000000,-9.860754246282173,0.000000000000000,0.000000000000000,0.000000000000000,0.000000000000000,0.000000000000000,0.000000000000000,0.076595238095238,0.000000000000000,-0.000000000000000,0.000000000000000,0.000000000000000,0.000000000000000,0.000000000000000,0.000000000000000,0.000000000000000]
}
