{"mass":  13.055641902393534,
 "area":30.42,
 "span":16.90,
 "chord":1.80,
 "mac":1.80,
 "AR":9.3889,
 "Ixx":34.832,
 "Ixz":-4.902,
 "Iyy":67.08,
 "Izz":82.22,
 "engine_angle":0,
 "e":0.601427647984054,
 "K":0.056370517893960,

 "CL_0":0.385,
 "CL_alpha":4.78,
 "CL_alpha_dot":2.42,
 "CL_mach":0,
 "CL_q":8.05,
 "CL_elevator":0.401,

 "CD_parasitic":0.057579683439860,
 "CD_alpha":0.430,
 "CD_mach":0.0,

 "CE_beta":-0.819,
 "CE_p": 0.0,
 "CE_rudder":0.191,

 "CM_0":0.194,
 "CM_alpha":-2.12,
 "CM_alpha_dot":-11.0,
 "CM_mach":0.0,
 "CM_q":-36.6,
 "CM_elevator":-1.76,

 "Cl_beta":-0.023,
 "Cl_p":-0.450,
 "Cl_r":0.265,
 "Cl_aileron":-0.161,
 "Cl_rudder":-0.00229,
 
 "Cn_beta":0.109,
 "Cn_p":-0.110,
 "Cn_r":-0.200,
 "Cn_aileron":0.020,
 "Cn_rudder":-0.0917,

 "alfa_limits": [-15,20],
 "beta_limits": [-60,60],
 "elevator_limits": [-20,20],
 "rudder_limits": [-20,20],
 "aileron_limits": [-20,20],
 "thrust_limits": [0,115]
}
