{
    "x":0,
    "y":0,
    "z":0,
    "U":119.556604117257407,
    "V":0.000000000000000,
    "W":10.306231704642098,
    "P":0.000000000000000,
    "Q":-0.000000001679369,
    "R":0.000000000000000,
    "roll":0.000000000000000,
    "pitch":0.085991201830814
    "yaw":0.0,
    "elevator":0.006646961692774,
    "aileron":0.000000000000000,
    "rudder":0.000000000000000,
    "thrust":48.877175456058318,    
}
